{
  "posts": [
    {
      "id": 1,
      "title": "测试标题1",
      "author": "typicode"
    },
    {
      "id": 2,
      "title": "测试标题2",
      "author": "张三"
    },
    {
      "id": 3,
      "title": "测试标题3",
      "author": "李四"
    },
    {
      "id": 4,
      "title": "测试标题3",
      "author": "王五"
    }
  ],
  "todos": [
    {
      "id": 1,
      "title": "吃饭",
      "completed": true
    },
    {
      "id": 2,
      "title": "睡觉",
      "completed": false
    },
    {
      "id": 4,
      "title": "写代码",
      "completed": false
    },
    {
      "title": "哈哈哈",
      "completed": false,
      "id": 5,
      "name": "豆豆"
    }
  ],
  "heros": [
    {
      "id": 1,
      "name": "李白",
      "bio": "大河之剑天上来"
    },
    {
      "id": 4,
      "name": "花木兰",
      "bio": "大河之剑天上来"
    },
    {
      "name": "豆豆",
      "bio": "智商250，嘟嘟嘟。。。",
      "id": 5
    },
    {
      "name": "亚瑟",
      "bio": "人在塔在！",
      "id": 6
    },
    {
      "name": "hello",
      "bio": "world",
      "id": 7
    }
  ]
}